INSERT INTO Doctors (First_name, Last_name, Specialty_id, Phone_number, Email, Office_id)
VALUES 
('Іван', 'Петренко', 1, '0981234567', 'ivan.petrenko@example.com', 1),
('Марія', 'Сидоренко', 2, '0972345678', 'maria.sydorenko@example.com', 2),
('Олег', 'Коваленко', 3, '0963456789', 'oleg.kovalenko@example.com', 3),
('Тетяна', 'Шевченко', 4, '0954567890', 'tetiana.shevchenko@example.com', 4),
('Сергій', 'Мельник', 5, '0945678901', 'serhiy.melnyk@example.com', 5),
('Оксана', 'Бондаренко', 6, '0936789012', 'oksana.bondarenko@example.com', 6),
('Андрій', 'Ткаченко', 7, '0927890123', 'andriy.tkachenko@example.com', 7),
('Людмила', 'Гнатюк', 8, '0918901234', 'lyudmyla.hnatyuk@example.com', 8),
('Володимир', 'Левченко', 9, '0909012345', 'volodymyr.levchenko@example.com', 9),
('Катерина', 'Яценко', 10, '0890123456', 'kateryna.yatsenko@example.com', 10),
('Анатолій', 'Кузьменко', 11, '0881234567', 'anatoliy.kuzmenko@example.com', 11),
('Ірина', 'Костюк', 12, '0872345678', 'iryna.kostiuk@example.com', 12),
('Павло', 'Савченко', 13, '0863456789', 'pavlo.savchenko@example.com', 13),
('Наталія', 'Пономаренко', 14, '0854567890', 'natalia.ponomarenco@example.com', 14),
('Дмитро', 'Цимбалюк', 15, '0845678901', 'dmytro.tsymbalyuk@example.com', 15);


INSERT INTO Specialties (Specialty_name)
VALUES 
('Терапевт'),
('Хірург'),
('Педіатр'),
('Стоматолог'),
('Кардіолог'),
('Гінеколог'),
('Отоларинголог'),
('Офтальмолог'),
('Дерматолог'),
('Невролог'),
('Ендокринолог'),
('Психіатр'),
('Фізіотерапевт'),
('Анестезіолог'),
('Невролог');

INSERT INTO Offices (Office_number, Location)
VALUES 
('Офіс 1', 'Вулиця Лесі Українки, 1'),
('Офіс 2', 'Вулиця Шевченка, 5'),
('Офіс 3', 'Вулиця Кірова, 10'),
('Офіс 4', 'Вулиця Пушкіна, 3'),
('Офіс 5', 'Вулиця Сковороди, 12'),
('Офіс 6', 'Вулиця Франка, 7'),
('Офіс 7', 'Вулиця Грушевського, 15'),
('Офіс 8', 'Вулиця Костомарова, 4'),
('Офіс 9', 'Вулиця Небесної Сотні, 6'),
('Офіс 10', 'Вулиця Соборності, 8'),
('Офіс 11', 'Вулиця Хмельницького, 9'),
('Офіс 12', 'Вулиця Чорновола, 11'),
('Офіс 13', 'Вулиця Винниченка, 14'),
('Офіс 14', 'Вулиця Бандери, 2'),
('Офіс 15', 'Вулиця Сагайдачного, 13');

INSERT INTO InsuranceCompanies (Insurance_company_name, Plan_name, Coverage_amount)
VALUES
('Страхова компанія "Здоров’я"', 'План А', 50000.00),
('Страхова компанія "Ліга"', 'План Б', 75000.00),
('Страхова компанія "Медікал"', 'Преміум', 100000.00),
('Страхова компанія "Опека"', 'Базовий план', 30000.00),
('Страхова компанія "Медицина+', 'Оптимум', 60000.00),
('Страхова компанія "Еврика"', 'Економ', 25000.00),
('Страхова компанія "Альфа-Здоров’я"', 'Комфорт', 80000.00),
('Страхова компанія "Смарт Мед"', 'Стандарт', 40000.00),
('Страхова компанія "Добробут"', 'Бізнес', 90000.00),
('Страхова компанія "Лайф"', 'Сімейний', 70000.00);

INSERT INTO Medications (Medication_name, Description)
VALUES
('Парацетамол', 'Знеболювальне та жарознижувальне засіб.'),
('Ібупрофен', 'Протизапальний засіб, зменшує біль та жар.'),
('Аспірин', 'Знеболювальне, протизапальне та антиагрегантне засіб.'),
('Амоксицилін', 'Антибіотик широкого спектру дії.'),
('Ципрофлоксацин', 'Антибіотик, використовується для лікування інфекцій.'),
('Дексаметазон', 'Кортикостероїд, використовується для зменшення запалення.'),
('Лоперамід', 'Препарат для лікування діареї.'),
('Рені', 'Антацидний засіб для зменшення кислотності шлунка.'),
('Фенілпропаноламін', 'Препарат для зменшення закладеності носа.'),
('Бромгексин', 'Секретолітичний засіб, допомагає при кашлі.'),
('Кеторолак', 'Знеболювальне, часто використовується післяопераційно.'),
('Німесулід', 'Протизапальний засіб для лікування болю.'),
('Лізиноприл', 'Препарат для лікування високого тиску.'),
('Аторвастатин', 'Становить статини для зниження холестерину.'),
('Глібенкламід', 'Препарат для лікування діабету 2 типу.'),
('Сальбутамол', 'Бронхорозширювальний засіб для лікування астми.'),
('Пантопразол', 'Інгібітор протонної помпи, зменшує кислотність шлунка.'),
('Сімвастатин', 'Препарат для зниження рівня холестерину в крові.'),
('Метоформін', 'Препарат для лікування діабету 2 типу.'),
('Дозаглибін', 'Препарат для зниження артеріального тиску.'),
('Триметоприм', 'Антибіотик, використовується для лікування інфекцій.'),
('Кодеїн', 'Знеболювальне, використовується для лікування сильного болю.'),
('Цетиризин', 'Антигістамінний засіб для лікування алергій.'),
('Флуоксетин', 'Антидепресант для лікування депресії.'),
('Раміприл', 'Препарат для лікування високого тиску.'),
('Терафлю', 'Засіб для лікування симптомів застуди та грипу.'),
('Гідрохлоротіазид', 'Діуретик, використовується для зниження артеріального тиску.'),
('Аторвастатин', 'Препарат для зниження холестерину в крові.'),
('Кетонал', 'Протизапальний та знеболювальний засіб.'),
('Магній Б6', 'Добавка для підтримки нервової системи.'),
('Смекта', 'Препарат для лікування діареї.'),
('Показання до лікування геморою', 'Препарат для лікування симптомів геморою.'),
('Глюкоза', 'Препарат для підвищення рівня цукру в крові.'),
('Есциталопрам', 'Антидепресант для лікування тривожності та депресії.');

INSERT INTO Patients (First_name, Last_name, Date_of_birth, Gender, Phone_number, Email, Address, Insurance_id, Emergency_contact_name, Emergency_contact_phone)
VALUES
('Олена', 'Ковальчук', '1990-05-12', 'F', '+380501234567', 'olena.kovalchuk@example.com', 'вул. Лесі Українки, 15, Київ', 1, 'Ірина Ковальчук', '+380501234568'),
('Андрій', 'Петренко', '1985-10-20', 'M', '+380671234567', 'andriy.petrenko@example.com', 'вул. Шевченка, 22, Львів', 2, 'Олександр Петренко', '+380671234568'),
('Марія', 'Сидоренко', '1992-03-15', 'F', '+380931234567', 'maria.sydorenko@example.com', 'вул. Мазепи, 10, Одеса', 3, 'Катерина Сидоренко', '+380931234568'),
('Іван', 'Гуменюк', '1988-07-30', 'M', '+380981234567', 'ivan.humeniuk@example.com', 'вул. Пушкіна, 5, Харків', 1, 'Микола Гуменюк', '+380981234568'),
('Светлана', 'Левченко', '1995-11-11', 'F', '+380951234567', 'svetlana.levchenko@example.com', 'вул. Сагайдачного, 3, Київ', 2, 'Віра Левченко', '+380951234568'),
('Олексій', 'Тарасюк', '1980-04-01', 'M', '+380671234569', 'oleksiy.tarasyuk@example.com', 'вул. Грушевського, 18, Львів', 3, 'Анна Тарасюк', '+380671234570'),
('Вікторія', 'Федоренко', '1993-09-25', 'F', '+380671234570', 'victoria.fedorenko@example.com', 'вул. Коцюбинського, 12, Одеса', 1, 'Людмила Федоренко', '+380671234571'),
('Анатолій', 'Костенко', '1987-06-14', 'M', '+380671234571', 'anatoliy.kostenko@example.com', 'вул. Довженка, 7, Харків', 2, 'Петро Костенко', '+380671234572'),
('Наталія', 'Павленко', '1991-08-09', 'F', '+380931234569', 'natalia.pavlenko@example.com', 'вул. Чехова, 6, Київ', 3, 'Олена Павленко', '+380931234570'),
('Сергій', 'Мельник', '1986-12-20', 'M', '+380671234572', 'serhiy.melynok@example.com', 'вул. Гоголя, 14, Львів', 1, 'Ігор Мельник', '+380671234573'),
('Юлія', 'Романчук', '1994-02-18', 'F', '+380981234568', 'yuliya.romanchuk@example.com', 'вул. Лермонтова, 16, Одеса', 2, 'Ніна Романчук', '+380981234569'),
('Владислав', 'Кузьменко', '1989-05-05', 'M', '+380671234573', 'vladyslav.kuzmenko@example.com', 'вул. Сосюри, 22, Харків', 3, 'Валерій Кузьменко', '+380671234574'),
('Алла', 'Грищенко', '1990-07-19', 'F', '+380931234570', 'alla.hryshchenko@example.com', 'вул. Бандери, 4, Київ', 1, 'Ольга Грищенко', '+380931234571'),
('Дмитро', 'Зеленський', '1984-03-03', 'M', '+380681234567', 'dmytro.zelenkyi@example.com', 'вул. Стефаника, 11, Львів', 2, 'Андрій Зеленський', '+380681234568'),
('Катерина', 'Кравченко', '1992-04-12', 'F', '+380951234569', 'katerina.kravchenko@example.com', 'вул. Кобзаря, 3, Одеса', 3, 'Володимир Кравченко', '+380951234570'),
('Роман', 'Бойко', '1983-09-29', 'M', '+380951234570', 'roman.boyko@example.com', 'вул. Островського, 5, Харків', 1, 'Павло Бойко', '+380951234571'),
('Людмила', 'Чорненька', '1990-01-16', 'F', '+380671234574', 'lyudmyla.chornenska@example.com', 'вул. Лесі Українки, 2, Київ', 2, 'Світлана Чорненька', '+380671234575'),
('Віталій', 'Степаненко', '1995-10-10', 'M', '+380981234569', 'vitaliy.stepanenko@example.com', 'вул. Гайдамацька, 9, Львів', 3, 'Наталія Степаненко', '+380981234570'),
('Тетяна', 'Стефаненко', '1982-11-21', 'F', '+380681234569', 'tetiana.stefanenko@example.com', 'вул. Пирогова, 7, Одеса', 1, 'Анатолій Стефаненко', '+380681234570'),
('Станіслав', 'Коваленко', '1988-05-26', 'M', '+380951234571', 'stanislav.kovalenko@example.com', 'вул. Миколаївська, 8, Харків', 2, 'Марина Коваленко', '+380951234572'),
('Марина', 'Сергіївна', '1994-06-19', 'F', '+380671234575', 'marina.sergiivna@example.com', 'вул. Сумська, 14, Київ', 3, 'Олексій Сергіївна', '+380671234576'),
('Олег', 'Шевченко', '1980-02-08', 'M', '+380931234572', 'oleh.shevchenko@example.com', 'вул. Декабристів, 15, Львів', 1, 'Світлана Шевченко', '+380931234573'),
('Олександр', 'Савченко', '1989-07-29', 'M', '+380981234570', 'oleksandr.savchenko@example.com', 'вул. Леніна, 4, Одеса', 2, 'Наталя Савченко', '+380981234571'),
('Кирило', 'Дяченко', '1991-12-11', 'M', '+380671234576', 'kyrylo.dyachenko@example.com', 'вул. Герасима Куліша, 12, Харків', 3, 'Софія Дяченко', '+380671234577'),
('Аліна', 'Соломко', '1995-03-20', 'F', '+380681234571', 'alina.solomko@example.com', 'вул. Островського, 1, Київ', 1, 'Іван Соломко', '+380681234572'),
('Степан', 'Федосенко', '1984-08-02', 'M', '+380951234573', 'stepan.fedosenko@example.com', 'вул. Дніпровська, 6, Львів', 2, 'Тетяна Федосенко', '+380951234574');


INSERT INTO Appointments (Patient_id, Doctor_id, Appointment_date, Appointment_time, Reason_for_visit, Status)
VALUES
(1, 1, '2024-10-20', '09:00', 'Перевірка стану здоров’я', 'Заплановано'),
(2, 1, '2024-10-21', '10:00', 'Консультація', 'Заплановано'),
(3, 2, '2024-10-22', '11:00', 'Лікування зуба', 'Заплановано'),
(4, 2, '2024-10-23', '12:00', 'Обстеження', 'Заплановано'),
(5, 3, '2024-10-24', '13:00', 'Терапія', 'Заплановано'),
(6, 3, '2024-10-25', '14:00', 'Хірургічна операція', 'Заплановано'),
(7, 4, '2024-10-26', '15:00', 'Прийом після операції', 'Заплановано'),
(8, 4, '2024-10-27', '16:00', 'Контрольний огляд', 'Заплановано'),
(9, 5, '2024-10-28', '17:00', 'Профілактичний огляд', 'Заплановано'),
(10, 5, '2024-10-29', '09:30', 'Консультація з дієтологом', 'Заплановано'),
(11, 6, '2024-10-20', '10:30', 'Перевірка стану здоров’я', 'Заплановано'),
(12, 7, '2024-10-21', '11:30', 'Лікування зуба', 'Заплановано'),
(13, 8, '2024-10-22', '12:30', 'Обстеження', 'Заплановано'),
(14, 9, '2024-10-23', '13:30', 'Терапія', 'Заплановано'),
(15, 10, '2024-10-24', '14:30', 'Хірургічна операція', 'Заплановано'),
(16, 11, '2024-10-25', '15:30', 'Прийом після операції', 'Заплановано'),
(17, 12, '2024-10-26', '16:30', 'Контрольний огляд', 'Заплановано'),
(18, 13, '2024-10-27', '17:30', 'Профілактичний огляд', 'Заплановано'),
(19, 14, '2024-10-28', '08:00', 'Консультація з дієтологом', 'Заплановано'),
(20, 15, '2024-10-29', '09:00', 'Перевірка стану здоров’я', 'Заплановано'),
(21, 1, '2024-10-30', '09:00', 'Контрольний огляд', 'Заплановано'),
(22, 2, '2024-10-31', '10:00', 'Терапія', 'Заплановано'),
(23, 3, '2024-11-01', '11:00', 'Обстеження', 'Заплановано'),
(24, 4, '2024-11-02', '12:00', 'Лікування зуба', 'Заплановано'),
(25, 5, '2024-11-03', '13:00', 'Перевірка стану здоров’я', 'Заплановано'),
(26, 6, '2024-11-04', '14:00', 'Прийом після операції', 'Заплановано');

INSERT INTO Prescriptions (Appointment_id, Medication_id, Dosage, Instructions)
VALUES
(1, 1, '500mg', 'Приймати 1 раз на день після їжі.'),
(1, 2, '250mg', 'Приймати 2 рази на день до їжі.'),
(2, 3, '10mg', 'Приймати 1 раз на день вранці.'),
(3, 4, '5ml', 'Приймати 3 рази на день.'),
(4, 5, '1 таблетка', 'Приймати по 1 таблетці 2 рази на день.'),
(5, 1, '100mg', 'Приймати 1 раз на день.'),
(5, 2, '2 таблетки', 'Приймати по 1 таблетці 2 рази на день.'),
(6, 3, '200mg', 'Приймати 1 раз на день вранці.'),
(7, 4, '10ml', 'Приймати 2 рази на день.'),
(8, 5, '1 таблетка', 'Приймати по 1 таблетці 3 рази на день.'),
(9, 1, '250mg', 'Приймати 1 раз на день після їжі.'),
(10, 2, '50mg', 'Приймати 1 раз на день перед сном.'),
(11, 3, '5ml', 'Приймати 2 рази на день.'),
(12, 4, '1 таблетка', 'Приймати по 1 таблетці 3 рази на день.'),
(13, 5, '500mg', 'Приймати 1 раз на день вранці.'),
(14, 1, '10mg', 'Приймати 1 раз на день після їжі.'),
(15, 2, '100mg', 'Приймати 1 раз на день.'),
(16, 3, '5ml', 'Приймати 2 рази на день до їжі.'),
(17, 4, '250mg', 'Приймати 1 раз на день вранці.'),
(18, 5, '2 таблетки', 'Приймати по 1 таблетці 2 рази на день.'),
(19, 1, '500mg', 'Приймати 1 раз на день.'),
(20, 2, '5ml', 'Приймати 3 рази на день.'),
(21, 3, '1 таблетка', 'Приймати по 1 таблетці 1 раз на день.'),
(22, 4, '10mg', 'Приймати 1 раз на день вранці.'),
(23, 5, '250mg', 'Приймати 1 раз на день перед сном.'),
(24, 1, '200mg', 'Приймати 2 рази на день.'),
(25, 2, '500mg', 'Приймати 1 раз на день.'),
(26, 3, '10ml', 'Приймати 1 раз на день.');

INSERT INTO Procedures (Procedure_name, Description, Cost)
VALUES
('Консультація', 'Первинна консультація лікаря.', 500.00),
('УЗД', 'Ультразвукове дослідження.', 700.00),
('Рентген', 'Рентгенографічне обстеження.', 300.00),
('Аналіз крові', 'Загальний аналіз крові.', 150.00),
('МРТ', 'Магнітно-резонансна томографія.', 2000.00),
('КТ', 'Компютерна томографія.', 1800.00),
('Фізіотерапія', 'Курс фізіотерапевтичних процедур.', 1000.00),
('Хірургічне втручання', 'Операція, що потребує госпіталізації.', 15000.00),
('Лабораторні дослідження', 'Дослідження на основі взяття проб.', 250.00),
('Вакцинація', 'Вакцинація від інфекційних захворювань.', 600.00),
('Ендоскопія', 'Дослідження за допомогою ендоскопа.', 1200.00),
('Консультація спеціаліста', 'Консультація вузькопрофільного лікаря.', 800.00),
('Реабілітація', 'Курс реабілітаційних процедур.', 2500.00),
('Терапія', 'Лікування захворювань терапевтичним шляхом.', 900.00),
('Хіміотерапія', 'Лікування онкологічних захворювань.', 5000.00),
('Сонографія', 'Дослідження мяких тканин за допомогою УЗД.', 850.00),
('Тест на алергію', 'Дослідження на алергічні реакції.', 400.00),
('Консультація психолога', 'Психологічна консультація.', 700.00),
('Дерматологічний огляд', 'Огляд дерматолога.', 600.00),
('Лікувальний масаж', 'Сеанс лікувального масажу.', 500.00),
('Діагностика серця', 'Електрокардіограма та додаткові обстеження.', 1200.00),
('Акушерське обстеження', 'Обстеження вагітних.', 700.00),
('Гінекологічне обстеження', 'Огляд гінеколога.', 800.00),
('Офтальмологічне обстеження', 'Огляд зору.', 900.00),
('Психіатрична консультація', 'Консультація психіатра.', 850.00),
('Ортопедичне обстеження', 'Огляд ортопеда.', 950.00);

INSERT INTO Diagnoses (Appointment_id, Diagnosis_name, Description)
VALUES 
(1, 'Грип', 'Гостра респіраторна вірусна інфекція, викликана вірусом грипу.'),
(2, 'Гострий бронхіт', 'Запалення слизової оболонки бронхів.'),
(3, 'Пневмонія', 'Запалення легень, яке може бути викликане інфекцією.'),
(4, 'Ангіна', 'Запалення мигдалин, що зазвичай викликане бактеріальною інфекцією.'),
(5, 'Алергія', 'Неправильна реакція імунної системи на певні алергени.'),
(6, 'Діабет', 'Хронічне захворювання, порушенням обміну глюкози.'),
(7, 'Гіпертонія', 'Підвищений артеріальний тиск, що може призводити до ускладнень.'),
(8, 'Мігрень', 'Тип головного болю, що характеризується сильною пульсацією.'),
(9, 'Синусит', 'Запалення синусів, що може бути викликане інфекцією.'),
(10, 'Риніт', 'Запалення слизової оболонки носа.'),
(11, 'Кашель', 'Рефлекторна дія для очищення дихальних шляхів.'),
(12, 'Гастрит', 'Запалення слизової оболонки шлунка.'),
(13, 'Запор', 'Ускладнення з дефекацією, що може викликати дискомфорт.'),
(14, 'Диспепсія', 'Порушення травлення, що викликає біль у животі.'),
(15, 'Шкірна алергія', 'Запалення шкіри, що виникає внаслідок алергічної реакції.'),
(16, 'Псоріаз', 'Хронічне захворювання шкіри з характерними червоними плямами.'),
(17, 'Екзема', 'Запальне захворювання шкіри, що викликає свербіж і почервоніння.'),
(18, 'Інфекційний гастроентерит', 'Запалення шлунка і кишечника, зазвичай викликане інфекцією.'),
(19, 'Цукровий діабет', 'Порушення метаболізму глюкози, що потребує контролю.'),
(20, 'Астма', 'Хронічне захворювання дихальних шляхів з нападами задухи.'),
(21, 'Тонзиліт', 'Запалення мигдаликів, що викликане інфекцією.'),
(22, 'Гепатит', 'Запалення печінки, що може бути викликане вірусами або алкоголем.'),
(23, 'Грижа', 'Випинання органу або тканини через ослаблену ділянку.'),
(24, 'Ревматизм', 'Запалення сполучної тканини, що може впливати на суглоби.'),
(25, 'Депресія', 'Хронічний емоційний стан, що викликає почуття смутку і безнадії.'),
(26, 'Тривожний розлад', 'Хронічна тривога, що може впливати на повсякденне життя.');

INSERT INTO Payments (Patient_id, Appointment_id, Amount, Payment_date, Payment_method)
VALUES 
(1, 1, 150.00, '2024-10-01', 'Готівка'),
(2, 2, 200.00, '2024-10-02', 'Кредитна картка'),
(3, 3, 120.50, '2024-10-03', 'Готівка'),
(4, 4, 250.00, '2024-10-04', 'Кредитна картка'),
(5, 5, 300.00, '2024-10-05', 'Готівка'),
(6, 6, 175.75, '2024-10-06', 'Кредитна картка'),
(7, 7, 90.00, '2024-10-07', 'Готівка'),
(8, 8, 85.50, '2024-10-08', 'Кредитна картка'),
(9, 9, 130.25, '2024-10-09', 'Готівка'),
(10, 10, 210.00, '2024-10-10', 'Кредитна картка'),
(11, 11, 190.00, '2024-10-11', 'Готівка'),
(12, 12, 240.00, '2024-10-12', 'Кредитна картка'),
(13, 13, 160.00, '2024-10-13', 'Готівка'),
(14, 14, 220.00, '2024-10-14', 'Кредитна картка'),
(15, 15, 130.50, '2024-10-15', 'Готівка'),
(16, 1, 140.75, '2024-10-16', 'Кредитна картка'),
(17, 2, 175.00, '2024-10-17', 'Готівка'),
(18, 3, 210.50, '2024-10-18', 'Кредитна картка'),
(19, 4, 120.00, '2024-10-19', 'Готівка'),
(20, 5, 185.00, '2024-10-20', 'Кредитна картка'),
(21, 6, 250.00, '2024-10-21', 'Готівка'),
(22, 7, 100.00, '2024-10-22', 'Кредитна картка'),
(23, 8, 190.00, '2024-10-23', 'Готівка'),
(24, 9, 230.00, '2024-10-24', 'Кредитна картка'),
(25, 10, 140.50, '2024-10-25', 'Готівка'),
(26, 11, 200.00, '2024-10-26', 'Кредитна картка')

INSERT INTO DoctorSchedules (Doctor_id, Available_date, Available_time_from, Available_time_to)
VALUES 
(1, '2024-10-01', '09:00', '17:00'),
(2, '2024-10-01', '10:00', '18:00'),
(3, '2024-10-02', '09:30', '16:30'),
(4, '2024-10-02', '08:00', '14:00'),
(5, '2024-10-03', '09:00', '17:00'),
(6, '2024-10-03', '10:30', '18:30'),
(7, '2024-10-04', '11:00', '15:00'),
(8, '2024-10-04', '09:00', '17:00'),
(9, '2024-10-05', '08:00', '16:00'),
(10, '2024-10-05', '10:00', '18:00'),
(11, '2024-10-06', '09:30', '17:30'),
(12, '2024-10-06', '08:30', '16:30'),
(13, '2024-10-07', '10:00', '18:00'),
(14, '2024-10-07', '09:00', '17:00'),
(15, '2024-10-08', '11:00', '19:00');

INSERT INTO MedicalRecords (Patient_id, Appointment_id, Diagnosis_id, Record_details, Record_date)
VALUES 
(1, 1, 1, 'Обстеження пацієнта, підозра на ГРВІ.', '2024-10-01'),
(2, 2, 2, 'Пацієнт скаржиться на головний біль.', '2024-10-01'),
(3, 3, 3, 'Контроль після лікування.', '2024-10-02'),
(4, 4, 4, 'Рекомендації: більше відпочинку.', '2024-10-02'),
(5, 5, 5, 'Пацієнт скаржиться на біль у спині.', '2024-10-03'),
(6, 6, 6, 'Скеровування на додаткові обстеження.', '2024-10-03'),
(7, 7, 7, 'Діагноз: ангіна.', '2024-10-04'),
(8, 8, 8, 'Лікування антибіотиками.', '2024-10-04'),
(9, 9, 9, 'Призначено фізіотерапію.', '2024-10-05'),
(10, 10, 10, 'Пацієнт вимагає відпустку на тиждень.', '2024-10-05'),
(11, 11, 11, 'Контрольний візит через два тижні.', '2024-10-06'),
(12, 12, 12, 'Пацієнт отримав призначення на аналізи.', '2024-10-06'),
(13, 13, 13, 'Діагноз: алергія.', '2024-10-07'),
(14, 14, 14, 'Рекомендовано уникати алергенів.', '2024-10-07'),
(15, 15, 15, 'Пацієнт скаржиться на безсоння.', '2024-10-08'),
(1, 16, 16, 'Обстеження: без патологій.', '2024-10-09'),
(2, 17, 17, 'Рекомендації: збалансоване харчування.', '2024-10-09'),
(3, 18, 18, 'Контроль за прийомом ліків.', '2024-10-10'),
(4, 19, 19, 'Діагноз: депресія.', '2024-10-10'),
(5, 20, 20, 'Призначено терапію.', '2024-10-11'),
(6, 21, 21, 'Стан покращився.', '2024-10-11'),
(7, 22, 22, 'Пацієнт вимагає додаткові аналізи.', '2024-10-12'),
(8, 23, 23, 'Лікування: спостереження.', '2024-10-12'),
(9, 24, 24, 'Запис до лікаря через два тижні.', '2024-10-13'),
(10, 25, 25, 'Рекомендовано спеціалізоване лікування.', '2024-10-13'),
(11, 26, 26, 'Діагноз: хронічна втома.', '2024-10-14');


INSERT INTO LabResults (Patient_id, Appointment_id, Test_name, Result_value, Result_date)
VALUES 
(1, 1, 'Загальний аналіз крові', 'В нормі', '2024-10-01'),
(2, 2, 'Біохімічний аналіз крові', 'Підвищений рівень глюкози', '2024-10-01'),
(3, 3, 'Аналіз на інфекції', 'Негативний', '2024-10-02'),
(4, 4, 'Аналіз сечі', 'Нормальні показники', '2024-10-02'),
(5, 5, 'Гормональний аналіз', 'В межах норми', '2024-10-03'),
(6, 6, 'Аналіз на алергії', 'Позитивний', '2024-10-03'),
(7, 7, 'Клінічний аналіз крові', 'Понижений гемоглобін', '2024-10-04'),
(8, 8, 'Ліпідний профіль', 'Високий рівень холестерину', '2024-10-04'),
(9, 9, 'Аналіз на діабет', 'Негативний', '2024-10-05'),
(10, 10, 'Мікробіологічний аналіз', 'Виявлено бактерії', '2024-10-05'),
(11, 11, 'Тест на COVID-19', 'Негативний', '2024-10-06'),
(12, 12, 'Аналіз на гормони', 'Знижений рівень ТТГ', '2024-10-06'),
(13, 13, 'Аналіз на ВІЛ', 'Негативний', '2024-10-07'),
(14, 14, 'Аналіз на сифіліс', 'Негативний', '2024-10-07'),
(15, 15, 'Аналіз на гепатити', 'Негативний', '2024-10-08'),
(1, 16, 'Аналіз на мікроелементи', 'В нормі', '2024-10-09'),
(2, 17, 'Аналіз на вітаміни', 'Понижений вітамін D', '2024-10-09'),
(3, 18, 'Аналіз на тиреоїдні гормони', 'В межах норми', '2024-10-10'),
(4, 19, 'Аналіз на антитіла', 'Позитивний', '2024-10-10'),
(5, 20, 'Аналіз на запалення', 'Підвищений рівень С-реактивного білка', '2024-10-11'),
(6, 21, 'Аналіз на лактат', 'Високий', '2024-10-11'),
(7, 22, 'Аналіз на сечовину', 'В межах норми', '2024-10-12'),
(8, 23, 'Тест на токсоплазмоз', 'Негативний', '2024-10-12'),
(9, 24, 'Аналіз на сифіліс', 'Негативний', '2024-10-13'),
(10, 25, 'Тест на туберкульоз', 'Негативний', '2024-10-13'),
(11, 26, 'Загальний аналіз сечі', 'Нормальні показники', '2024-10-14');

INSERT INTO MedicalEquipment (Equipment_name, Equipment_type, Status)
VALUES 
('Системи моніторингу', 'Моніторинг', 'Використовується'),
('Ультразвуковий апарат', 'Діагностика', 'Використовується'),
('Рентгенівський апарат', 'Діагностика', 'У ремонті'),
('Медичний ліжко', 'Клінічне', 'Використовується'),
('Лабораторний аналізатор', 'Лабораторне', 'У ремонті'),
('Неврологічний тестер', 'Діагностика', 'Використовується'),
('Апарат ШВЛ', 'Вентиляція', 'Використовується'),
('Система ультрафіолетового очищення', 'Дезінфекція', 'Використовується'),
('Офтальмологічний рефрактометр', 'Діагностика', 'Використовується'),
('Термометр електронний', 'Моніторинг', 'Використовується');





